{
    "0": {
        "precision": 0.9541634089132135,
        "recall": 0.9792868248156879,
        "f1-score": 0.9665618889686409,
        "support": 19939.0
    },
    "1": {
        "precision": 0.9786452947259565,
        "recall": 0.9527812735967782,
        "f1-score": 0.9655401096798878,
        "support": 19865.0
    },
    "accuracy": 0.9660586875690885,
    "macro avg": {
        "precision": 0.9664043518195851,
        "recall": 0.966034049206233,
        "f1-score": 0.9660509993242643,
        "support": 39804.0
    },
    "weighted avg": {
        "precision": 0.966381594564659,
        "recall": 0.9660586875690885,
        "f1-score": 0.9660519491241257,
        "support": 39804.0
    }
}